ela_meta.lin_simple.adj_r2,ela_meta.lin_simple.intercept,ela_meta.lin_simple.coef.min,ela_meta.lin_simple.coef.max,ela_meta.lin_simple.coef.max_by_min,ela_meta.lin_w_interact.adj_r2,ela_meta.quad_simple.adj_r2,ela_meta.quad_simple.cond,ela_meta.quad_w_interact.adj_r2,ela_distr.skewness,ela_distr.kurtosis,ela_distr.number_of_peaks,ela_level.mmce_lda_10,ela_level.mmce_qda_10,ela_level.lda_qda_10,ela_level.mmce_lda_25,ela_level.mmce_qda_25,ela_level.lda_qda_25,ela_level.mmce_lda_50,ela_level.mmce_qda_50,ela_level.lda_qda_50,pca.expl_var.cov_x,pca.expl_var.cor_x,pca.expl_var.cov_init,pca.expl_var.cor_init,pca.expl_var_PC1.cov_x,pca.expl_var_PC1.cor_x,pca.expl_var_PC1.cov_init,pca.expl_var_PC1.cor_init,limo.avg_length,limo.avg_length_norm,limo.length_mean,limo.length_sd,limo.cor,limo.cor_norm,limo.ratio_mean,limo.ratio_sd,limo.sd_ratio_reg,limo.sd_ratio_norm,limo.sd_mean_reg,limo.sd_mean_norm,nbc.nn_nb.sd_ratio,nbc.nn_nb.mean_ratio,nbc.nn_nb.cor,nbc.dist_ratio.coeff_var,nbc.nb_fitness.cor,disp.ratio_mean_02,disp.ratio_mean_05,disp.ratio_mean_10,disp.ratio_mean_25,disp.ratio_median_02,disp.ratio_median_05,disp.ratio_median_10,disp.ratio_median_25,disp.diff_mean_02,disp.diff_mean_05,disp.diff_mean_10,disp.diff_mean_25,disp.diff_median_02,disp.diff_median_05,disp.diff_median_10,disp.diff_median_25,ic.h_max,ic.eps_s,ic.eps_max,ic.eps_ratio,ic.m0
0.8354780493839185,0.7495348819755306,0.0249638462222362,0.0823155785792799,3.297391669796394,0.8865834312176304,0.9463238864776308,27.99497018585161,0.9957733986194643,-1.017440737730338,-0.2128392891318102,2,0.0375,0.0166666666666666,2.25,0.05,0.0333333333333333,1.5,0.0333333333333333,0.0249999999999999,1.3333333333333337,1.0,1.0,0.6666666666666666,0.6666666666666666,0.5099638138644421,0.5064649478718729,0.5092650153193697,0.6406621983801951,0.0822689011004494,0.7184595298676925,0.0900448037286396,0.0639099917338122,0.9814454335305944,0.8931606417214484,3.51088156381796,1.6819104240732572,3.2256512727264224,2.566348756010386,0.0462403998701481,0.4567099959545408,0.417427357408508,0.7680680472074832,0.4154127579606457,0.2926095919830992,-0.1542132803402877,0.1898343860300056,0.3024337085491206,0.4744629685119054,0.6735201665322061,0.1545834542661393,0.2654834192159933,0.4011043661763617,0.5875961087262338,-4.286568739613014,-3.690808159690502,-2.7806050662245463,-1.7273977371112412,-4.413641182504412,-3.834669012027092,-3.1266367411482068,-2.1530248107114414,0.6165630918567309,-0.6956956956956956,0.0083738065352664,-1.4564564564564564,0.3235294117647059
0.8359882815269584,0.7294380312797322,0.029774448883716,0.0907048561673816,3.046399163310422,0.8858251924825409,0.9467978125422034,13.673917555910776,0.9959342404250584,-1.0005381385217007,-0.2982472784029628,2,0.0416666666666666,0.0125,3.333333333333333,0.0333333333333333,0.0208333333333333,1.6,0.0249999999999999,0.0208333333333333,1.2,1.0,1.0,0.6666666666666666,0.6666666666666666,0.5058212449746593,0.5048174817788692,0.5075506497951974,0.6402111549415757,0.0900895848159691,0.6793387494244313,0.0989634968650527,0.0692816783667895,0.9732440022619336,0.8668133520158672,3.130886106725488,0.8005392269654299,3.1113019277203,2.1427688489573247,0.050812128087129,0.4945719952370405,0.4412428049548326,0.7432294718361776,0.4338379179404441,0.3163386414500109,-0.1550088876769944,0.2699059717444121,0.3413052631104968,0.4234513568071872,0.6438166064104142,0.2682355269365589,0.2973701806075049,0.3633824512580586,0.5682414716517616,-3.7756212439890806,-3.406385678630938,-2.981573908545667,-1.841973137084992,-3.707995794163873,-3.560364722619733,-3.2258674479560043,-2.1878061400103723,0.6284429470898002,-0.6756756756756754,0.0103069071250109,-1.3363363363363363,0.3403361344537815
0.8337788715320644,0.7494400978566687,0.0238334327975329,0.0815247453185381,3.420604409406649,0.8812448154998395,0.9441453115279822,55.86730025597018,0.995701811228032,-0.9871467995512422,-0.2411252396823546,2,0.0458333333333333,0.0208333333333333,2.2,0.0458333333333333,0.0416666666666666,1.1,0.0374999999999999,0.0374999999999999,1.0,1.0,1.0,0.6666666666666666,0.6666666666666666,0.5178814131124143,0.5151200137909261,0.5175974435657066,0.633305609666072,0.0822787889461751,0.7210635037317312,0.0898747316415941,0.0647458619231226,0.977592388568212,0.9326956314516348,5.664560757462628,14.387577500412991,3.024543449016292,2.5131546157510294,0.0470044328843509,0.4563524278106227,0.4138232804600854,0.7577904584966197,0.4270509742502232,0.299714468903601,-0.1540777522907351,0.3047243782799031,0.2952407003562883,0.4867134310344533,0.6572124791339459,0.2666538984773646,0.263333159208992,0.4232953126645581,0.5717114384400297,-3.667317509459948,-3.717340345033137,-2.707393676598341,-1.8080752985217328,-3.811752840416788,-3.829013227173084,-2.997569258864731,-2.2261387053870467,0.6412921780973466,-0.6956956956956956,0.0091825428356562,-1.4764764764764764,0.3571428571428571
0.8529776680192519,0.7565001224036266,0.0279603321813038,0.0852138201744866,3.047668376109866,0.8878098999839715,0.9486675360093382,16.08875971276542,0.9955182694522372,-0.9976923993211724,-0.2397219893874154,2,0.0416666666666666,0.0208333333333333,2.0,0.0458333333333333,0.0208333333333333,2.2,0.0249999999999999,0.0291666666666666,0.8571428571428572,1.0,1.0,0.6666666666666666,0.6666666666666666,0.518784237571606,0.5163297251311791,0.5166361786728153,0.6355932174517694,0.0824800994182138,0.7211999705537925,0.0905829023407063,0.0651248498043909,0.9839255325648124,0.9492864084777332,3.027722552145968,0.8367933275282795,3.0391798590439385,2.519919928873458,0.0475879558551649,0.4560773712889461,0.4386478493683797,0.7482284971407897,0.4500228681188639,0.3130523326818249,-0.1466214262813003,0.1931377568608678,0.3418171794478238,0.5346174501887015,0.6707543816375355,0.1577864073553949,0.2709842080407795,0.472025921328209,0.5938318505106792,-4.1960734170092095,-3.42286860035276,-2.420214060836187,-1.7122362567153475,-4.307665244258643,-3.728693073781323,-2.700426125185645,-2.0774260070845267,0.6984513725288422,-0.7157157157157155,0.0079965545258923,-1.4764764764764764,0.3823529411764705
0.8495289519793466,0.7522439974857604,0.0268239915891185,0.0845528053750812,3.152133607489682,0.8883663893244116,0.9493481046136378,19.85414787362992,0.9955787248669608,-0.9203658964818008,-0.3923363497108219,1,0.0458333333333333,0.0208333333333333,2.2,0.0583333333333333,0.0458333333333333,1.2727272727272727,0.0249999999999999,0.0249999999999999,1.0,1.0,1.0,0.6666666666666666,0.6666666666666666,0.5050762332500148,0.5030052138414285,0.505648824817391,0.6397076441991877,0.0827826113803307,0.7148876940373748,0.0904840828938022,0.0645133106057519,0.9774130129115128,0.8637179267474174,3.069546255368119,0.7247910914563828,3.2348874648559613,2.605698734172022,0.0465236351044612,0.4580818428865951,0.471189444847353,0.7380033011309529,0.5014567850241358,0.3301172934876945,-0.1439083014379606,0.1928865386499992,0.3842184364951209,0.521435082880983,0.6719257881564279,0.1576337290289005,0.3358883759145885,0.4593234976243076,0.5862380770588591,-4.202846601161704,-3.206532383818378,-2.492010146856772,-1.7083664840247683,-4.312619152309689,-3.4000180301622027,-2.7680736037319624,-2.1183155770415105,0.6236881938414405,-0.7157157157157155,0.0087688560945874,-1.4164164164164164,0.3739495798319328
0.8374616169364488,0.7546528586325014,0.0265439005237336,0.079719136529029,3.0032939754935377,0.8898216539371112,0.93880917486358,11.252910962815005,0.9955132044272254,-0.9288067893950076,-0.3823477099750603,1,0.0541666666666666,0.0125,4.333333333333333,0.0458333333333333,0.0291666666666666,1.571428571428571,0.0291666666666666,0.0333333333333333,0.8749999999999999,1.0,1.0,0.6666666666666666,0.6666666666666666,0.5099638138644421,0.5064649478718729,0.5113711032288316,0.6411406150036262,0.0805462239827781,0.6998187090033949,0.0887398503862781,0.0633033266010576,0.9323171076050653,0.7228953305461814,2.879768749282596,0.8624818737308896,2.7258577858677184,2.0631350307291862,0.0472971424321488,0.483946187369449,0.4090538639620509,0.7559946301872161,0.4466485342486306,0.2872815789889855,-0.1506543499364757,0.2229948442786715,0.374366671604902,0.4440385413640562,0.6408636414652004,0.2151922889148537,0.3400956689375469,0.38738105622983,0.5597118623795345,-4.111117472280853,-3.310212408074129,-2.9415800521827062,-1.900182704879326,-4.097222430140204,-3.445143044322622,-3.1982816199312536,-2.298599271774371,0.6392420473749675,-0.7157157157157155,0.0191992066559328,-1.3163163163163163,0.3991596638655462
0.8386405076436871,0.7620959230238247,0.0251659179492628,0.0808196304228591,3.211471585729558,0.8892099761475827,0.943261624500472,13.36564253621054,0.9959014178071318,-1.07924316933217,-0.0213921781518986,2,0.0333333333333333,0.0208333333333333,1.6,0.0458333333333333,0.0291666666666666,1.5714285714285714,0.025,0.0291666666666666,0.8571428571428573,1.0,1.0,0.6666666666666666,0.6666666666666666,0.5058212449746593,0.5048174817788692,0.5057609742486422,0.6406347611029362,0.0806960684386842,0.712382731264673,0.0877727474898535,0.0623374410546407,0.9484646874732664,0.8383497065777479,3.3371292783095288,3.654038889,2.6452863004736686,2.212907170094364,0.0460816667798097,0.4708464348297981,0.532591514281697,0.7543375006345473,0.2715156939575103,0.3098883543034373,-0.1549821285279112,0.2266555952411149,0.3829503788739982,0.4708808425024171,0.6648871269144672,0.2217098933175573,0.3332808634567265,0.4073065209789557,0.5885660886303163,-3.999287010337752,-3.1910213862250068,-2.7362962225875296,-1.7330086725665126,-3.94375041211881,-3.378398166614325,-3.0032954705193147,-2.0848172726238863,0.6670936082926319,-0.7157157157157155,0.0230867799418716,-1.4564564564564564,0.3655462184873949
0.8432982809867196,0.7615061609607686,0.0276356886827672,0.0811176978319728,2.9352515424214904,0.8892829622733026,0.9386861243556256,15.71542428900111,0.9955840624928384,-1.0571386756282433,-0.097828620512161,2,0.0374999999999999,0.0166666666666666,2.25,0.0541666666666666,0.0291666666666666,1.8571428571428577,0.0208333333333333,0.0249999999999999,0.8333333333333334,1.0,1.0,0.6666666666666666,0.6666666666666666,0.5178814131124143,0.5151200137909261,0.5158422540809208,0.6340782233327421,0.0807474134134103,0.7058893868571782,0.088462470682502,0.0629757109779364,0.987357678514866,0.7808714283146472,3.264609930861307,1.1301496016218613,2.939879095540396,2.3330549320750986,0.0462214463536536,0.47164096859393,0.4091927989887025,0.7517391764249313,0.383811653334729,0.3019805665207285,-0.1444496395313409,0.2020034599188361,0.3669250486118358,0.4626731741168016,0.6860655886012297,0.1853174895552718,0.3290342804058743,0.4008844052685463,0.6030345811201298,-4.2091317349628845,-3.339232358359576,-2.834196993688484,-1.655885993667416,-4.234519508289391,-3.487514943046658,-3.114055648777624,-2.06332870635146,0.6454106891427221,-0.7157157157157155,0.0121082975023203,-1.3163163163163163,0.3571428571428571
0.8228561342531211,0.7609244237214718,0.0236882199918938,0.0778306717250273,3.285627698141149,0.878405656136102,0.9383996620666544,316.32425919689064,0.9958838826763854,-1.0757803920283338,0.0173503332957318,1,0.0541666666666666,0.0249999999999999,2.1666666666666674,0.0416666666666666,0.0166666666666666,2.5,0.0208333333333333,0.0208333333333333,1.0,1.0,1.0,0.6666666666666666,0.6666666666666666,0.518784237571606,0.5163297251311791,0.5183742851349599,0.6308043107134125,0.0806670116212251,0.7197214138240003,0.0883363170089462,0.0630207799340333,0.9867166560205012,0.9113538284721378,3.046883519276575,1.017620520403508,2.881902017421272,2.4237559859508546,0.0463427790318391,0.4597169825330471,0.4434229095211836,0.7555196883262629,0.43828620356782,0.3028539377435548,-0.1589078595620068,0.3204539084405396,0.4037702129793868,0.4633595638849967,0.6355973471415322,0.2795510460303078,0.341074815564177,0.4166857474514319,0.569378771829164,-3.5339679290625448,-3.100682899738627,-2.7907894905501305,-1.895069818607669,-3.684876314490123,-3.370201027803481,-2.9834742090709603,-2.202496034535312,0.6731583356028729,-0.6956956956956956,0.0253164847863135,-1.4564564564564564,0.3823529411764705
0.8116067342926695,0.7624719052320652,0.0247350252264331,0.0748440201815771,3.025831568653298,0.8720330639836705,0.9309180159195154,22.44751294702343,0.995496418118999,-1.1436995840773436,0.2825473862036052,2,0.0375,0.0249999999999999,1.5,0.0416666666666666,0.0291666666666666,1.4285714285714286,0.0333333333333333,0.0291666666666666,1.142857142857143,1.0,1.0,0.6666666666666666,0.6666666666666666,0.5050762332500148,0.5030052138414285,0.5031734280358664,0.6327952783673977,0.0798315215718676,0.7119154057853588,0.0875713912391403,0.0617041697953313,0.9838195556714104,0.8029179414859052,4.926295542375957,9.500829694358169,2.949982455973564,2.461119361460685,0.0454581202094487,0.4639717934193503,0.4430250623370483,0.7298888397327591,0.4362099961147899,0.3264823937612462,-0.1440018517596957,0.2713245416761805,0.424141736186601,0.4548602871227533,0.688957848328271,0.2531127187225103,0.395480237544272,0.4032592174979452,0.6206198221941207,-3.794399821115322,-2.9986415327169182,-2.8386821669312514,-1.6196761825592465,-3.823800293120147,-3.094928649636924,-3.0551030071702927,-1.9422931297167567,0.6819382309187938,-0.7357357357357355,0.0183342548256229,-1.5365365365365364,0.3949579831932773
0.164973890290989,0.852557439710475,0.0116319775510637,0.0214685517742117,1.8456493472383395,0.6811707085687366,0.4769600547703838,3.0229015631847096,0.998231631920224,-1.871694341475874,4.161515609282489,3,0.0958333333333333,0.0541666666666666,1.7692307692307692,0.1958333333333333,0.0583333333333333,3.3571428571428577,0.3625,0.0916666666666666,3.954545454545455,1.0,1.0,0.6666666666666666,1.0,0.5099638138644421,0.5064649478718729,0.5092173748906537,0.4690813769694888,0.0258626501754426,0.1546662836373566,0.079105382360218,0.0563159551090597,-0.9897545560552186,-0.8881271479470663,1.9465298543861127,1.6481013123269763,1.659036788660995,1.5880766023081472,0.0648217645022674,0.6908962007301005,0.2351818161581049,0.7230851046086231,0.2983718401471159,0.2987733820954291,-0.1975184434477183,0.1407118059767806,0.6250107310945143,0.8706263635059558,1.0229230294549014,0.1526562847877841,0.2976122051036735,0.44796205142559,0.7339922149921074,-4.546475248152008,-1.9840601107517828,-0.6845131123350372,0.1212852530201908,-4.423702299261892,-3.666935208787367,-2.882008208176569,-1.3887389839980877,0.6721629481260756,-0.6356356356356354,0.0098425661580961,-1.7567567567567566,0.3991596638655462
0.1800504916799186,0.859313115953343,0.0156784075648536,0.0200841865244267,1.2810093398419875,0.6725937046445749,0.4917272938904973,2.795862251960432,0.99805998381078,-1.99222779583025,4.970214259440704,3,0.0958333333333333,0.0625,1.5333333333333332,0.2125,0.05,4.25,0.3125,0.0958333333333333,3.260869565217391,1.0,1.0,0.6666666666666666,1.0,0.5058212449746593,0.5048174817788692,0.5049642148588757,0.4752207549184496,0.0282725211324677,0.1776351602252192,0.0822016032762831,0.0587479187294599,-0.987998307340788,-0.8336232296324643,11.315684087264373,57.73574897289975,1.617043332086704,1.537685337874536,0.0673603135546941,0.6904049899578107,0.2578435419408227,0.7166582241521836,0.1751759292666291,0.3183232474257252,-0.198057923706793,0.1749149395878771,0.6558767917490934,0.9928412482950328,1.0452297513644777,0.1911483168856252,0.3454666321279322,0.5330763081589088,0.780085312298475,-4.266859557300019,-1.7796048801086153,-0.0370208959006239,0.2339019407131521,-4.098611984447147,-3.3166504586498697,-2.3659950014984306,-1.1143513617959155,0.6866218236670846,-0.6756756756756754,0.030442722120643,-1.3363363363363363,0.3655462184873949
0.1803787082831972,0.8503560796949032,0.0138907306621444,0.0220301755848353,1.585962331331705,0.7002297423853131,0.5175040298764136,2.845963535752169,0.9981279666940926,-1.8188725174815576,3.636370127685007,3,0.0958333333333333,0.0541666666666666,1.7692307692307696,0.1916666666666666,0.0541666666666666,3.5384615384615383,0.3375,0.1,3.375,1.0,1.0,0.6666666666666666,1.0,0.5178814131124143,0.5151200137909261,0.5171973141230652,0.4843095070733085,0.0272384565788071,0.1527410900293258,0.0796889857132107,0.0581292763117764,-0.9940704572270324,-0.9254115160856992,1.772496063452054,0.3738579967214761,1.6620190350252642,1.6946058542821054,0.0656309798194463,0.6862876892978613,0.2368545560207111,0.7233477098972706,0.1834903205827351,0.3040774670185988,-0.1910335158167186,0.2047499591906887,0.6159332024730536,0.9653395176405506,1.030835229779265,0.207822422168319,0.2614980564161745,0.459185648306229,0.7188801700142795,-4.194644983874927,-2.025807963593191,-0.1828210135265013,0.1626442443040847,-4.117544398401904,-3.8385516405749622,-2.811020113049945,-1.4611918004618722,0.655305300330611,-0.6356356356356354,0.0139041083409006,-1.5965965965965965,0.3697478991596639
0.2052230465476281,0.8511357557970135,0.0166097542183252,0.0220018871801857,1.32463652929382,0.6888313391963088,0.5237090091804089,2.075938858077618,0.9980557608120828,-1.9006976526278925,4.045043712023045,3,0.075,0.05,1.4999999999999998,0.1791666666666666,0.0791666666666666,2.263157894736842,0.2916666666666666,0.0708333333333333,4.117647058823529,1.0,1.0,0.6666666666666666,1.0,0.518784237571606,0.5163297251311791,0.5182107143399467,0.4945016134862772,0.0271771751948289,0.1581996467012415,0.0806203133789983,0.0578571881689534,-0.9883928010791704,-0.8403987877300917,2.341102035228199,2.5388549192327248,1.6398145332679417,1.4052235176791774,0.0661762036423707,0.6982658047682122,0.2529515793614877,0.7276313832366035,0.1931516394560334,0.3082189604376159,-0.2269063630284351,0.1957387996306474,0.6128853336293719,0.7615286388148202,1.025134001873803,0.1659330692988559,0.2650055621439306,0.3645163118198046,0.7383919452811125,-4.182546738179482,-2.0131832598493307,-1.2401662711271366,0.1307089506573167,-4.2659975570863455,-3.7592720211677175,-3.2503049354396567,-1.3380452830167031,0.6550319699888986,-0.5755755755755754,0.006207377282002,-1.4764764764764764,0.3655462184873949
0.2025792815392164,0.8552026519931832,0.0155496334058023,0.0234002312104987,1.5048734976457363,0.6891668950766954,0.5207505391929548,2.364433168499669,0.9982375884721422,-1.995660067900427,4.4295148506370055,3,0.0916666666666666,0.0458333333333333,2.0,0.1791666666666666,0.075,2.388888888888889,0.3541666666666666,0.0791666666666666,4.473684210526315,1.0,1.0,0.6666666666666666,1.0,0.5050762332500148,0.5030052138414285,0.5043729019674248,0.487170063046675,0.0281333069514293,0.158018319754652,0.0810755517906107,0.0582651896743324,-0.988147183745656,-0.8722993393968526,1.855316481569858,1.126457111864983,1.5749009473182705,1.4744867374346011,0.0667016190757907,0.695457082848739,0.2635515329417532,0.712313653730298,0.300287684878606,0.3290678636853807,-0.1942819825998242,0.1806553254729658,0.2807751764791711,0.8884825738256914,1.0457209132592902,0.1657725080454802,0.260238335834438,0.4347626320396098,0.8051052281281639,-4.266537662196909,-3.745187944145591,-0.5806998123696872,0.2380805104804073,-4.270951465137392,-3.7873196386971033,-2.893816600535197,-0.9977927118218446,0.6794515086906913,-0.6756756756756754,0.030442722120643,-1.4764764764764764,0.3403361344537815
0.6123541842136615,0.8474475866749921,0.0242981361302586,0.0404380980037344,1.664246911242566,0.8578797586130478,0.7494415979833393,2.642504611235172,0.9975690612089952,-1.7275308288894915,3.2665075569824946,2,0.0458333333333333,0.0083333333333333,5.5,0.0125,0.0416666666666666,0.3,0.1583333333333333,0.0916666666666666,1.7272727272727273,1.0,1.0,0.6666666666666666,0.6666666666666666,0.5099638138644421,0.5064649478718729,0.5095074912224619,0.5915252684425361,0.0477733737733541,0.4993888930270583,0.0669878803187045,0.0472904718590013,-0.9926638623242394,-0.8717250108554585,3.153755077789642,8.602415548959515,1.5829958625796174,1.5002075561171666,0.0462932196554403,0.6092385817211208,0.2939696163941137,0.7419170583049866,0.3126017565005144,0.3023923807949633,-0.1554382603585859,0.1407118059767806,0.2680204255596997,0.3695601267000574,0.6047730742396791,0.1526562847877841,0.2466459261304596,0.3460563304433028,0.528934855972526,-4.546475248152008,-3.872888095627368,-3.3356437331999764,-2.0911371154297,-4.423702299261892,-3.933013355625528,-3.4140243949071007,-2.4592758798176413,0.7027398940810513,-0.7557557557557555,0.0201049641626049,-1.6766766766766767,0.3907563025210084
0.6255067534759419,0.8518274919406522,0.0271862879272701,0.0397810532099856,1.463276388317873,0.8549065337156632,0.7618892841330757,2.532274330911962,0.9973500140806912,-1.7551024071871844,3.564133263770951,3,0.0416666666666666,0.0291666666666666,1.4285714285714286,0.0291666666666666,0.0249999999999999,1.1666666666666667,0.1291666666666666,0.0916666666666666,1.4090909090909094,1.0,1.0,0.6666666666666666,0.6666666666666666,0.5058212449746593,0.5048174817788692,0.5049157883922379,0.5949440227951804,0.0497146669146341,0.5047961635843189,0.0678953539010783,0.0499286890641218,-0.9798578450624856,-0.9348727556815306,1.6562406675975965,0.440346874453755,1.5741252700949395,1.4020872486777465,0.0472749544514077,0.6105656333272812,0.3261187574178149,0.7327733964342098,0.2100757567298557,0.320820578852436,-0.1561249376985921,0.1749149395878771,0.328206669619119,0.4186182762607244,0.6014342151416662,0.1911483168856252,0.3011436862481679,0.3961605041798184,0.5493165449876921,-4.266859557300019,-3.474123977998468,-3.006567787250216,-2.061150189152761,-4.098611984447147,-3.5412436207353304,-3.0597745494227504,-2.283702498823006,0.6839964485772656,-0.7757757757757755,0.0220466873523941,-1.4164164164164164,0.3823529411764705
0.6158572879080675,0.8456717733526905,0.0257258988506113,0.0406531034281813,1.5802403509494976,0.8659958548177457,0.7655900528312445,2.4792133422138014,0.997495247765139,-1.6586723469255522,2.81190455833452,2,0.0416666666666666,0.0249999999999999,1.666666666666667,0.0208333333333333,0.0333333333333333,0.625,0.1374999999999999,0.0874999999999999,1.5714285714285716,1.0,1.0,0.6666666666666666,0.6666666666666666,0.5178814131124143,0.5151200137909261,0.517822929125031,0.6039206226713435,0.0493832746369166,0.4995262576995232,0.0679060591426996,0.048832108817137,-0.99726349446881,-0.9071656746354908,1.9088964678839264,1.1826409350530405,1.5661810316795055,1.4584497372768293,0.0469294987774578,0.6107269138211986,0.2968436582591033,0.7458325003705336,0.2035133811650145,0.3036335791724931,-0.151397855285163,0.1872318846180312,0.2559229766950592,0.3807515935249606,0.6087216180897876,0.1891580540704199,0.2367652131958888,0.3516643721205601,0.5337518039392906,-4.287046241168246,-3.924726555494837,-3.266302532156565,-2.0638463599550096,-4.214557197630039,-3.967106882364296,-3.36988928690252,-2.4234435582102254,0.6678827928995134,-0.6956956956956956,0.0191992066559328,-1.5965965965965965,0.3571428571428571
0.6388207473464294,0.846308446776044,0.0276122070706437,0.0409549131368672,1.4832176592072923,0.862771791270485,0.7788436974157928,1.9095481095533264,0.9973690002898734,-1.6707961853260411,2.873797075534416,2,0.0291666666666666,0.0166666666666666,1.7499999999999998,0.0208333333333333,0.0208333333333333,1.0,0.1208333333333333,0.1083333333333333,1.1153846153846154,1.0,1.0,0.6666666666666666,0.6666666666666666,0.518784237571606,0.5163297251311791,0.5190230657971847,0.6095260396476098,0.0489655762180766,0.4928881014785717,0.0685640070441604,0.0479937156249072,-0.985139501454555,-0.8740099472784302,1.977663644377718,1.3032200155993867,1.5338080619129475,1.4257475117947491,0.0472970916552968,0.6145816977385026,0.3165492891855647,0.7476319154805438,0.2280486888782887,0.3066015937260113,-0.1710870776968497,0.1431603785728337,0.2509494650037269,0.3662495470302276,0.6179296526986191,0.1558193071259544,0.2411264804611653,0.3462135567133131,0.5389109642990811,-4.455979925548204,-3.8954246088726814,-3.295808486933319,-1.986950364044178,-4.317726361016123,-3.8814062293163465,-3.343917936624833,-2.3583295626477963,0.6736613516242784,-0.6956956956956956,0.0145600599502064,-1.5165165165165164,0.3571428571428571
0.6296035463618854,0.8492647970772603,0.0269490106346338,0.0416940253002722,1.5471449347639052,0.8604547989640495,0.7718923763853405,2.120422134481907,0.9976738379814508,-1.7632251185316912,3.2902896392710588,3,0.0458333333333333,0.0125,3.666666666666666,0.0166666666666666,0.0333333333333333,0.4999999999999999,0.1291666666666666,0.1041666666666666,1.2400000000000002,1.0,1.0,0.6666666666666666,0.6666666666666666,0.5050762332500148,0.5030052138414285,0.5048790542843912,0.6001253179011714,0.0494080027602469,0.5389891548484959,0.0674441953754502,0.0495233248241781,-0.9917890986074064,-0.88737969309686,1.9994070936405204,2.028492448378074,1.504753903912496,1.4518543450808126,0.0471170689901175,0.5940500773611939,0.3284636013382968,0.7303482886765098,0.3222155246636797,0.3287598091045657,-0.1615406263405197,0.1806553254729658,0.2807751764791711,0.38829580655302,0.6585017014120209,0.1657725080454802,0.260238335834438,0.3688920032015415,0.5828506899288756,-4.266537662196909,-3.745187944145591,-3.185300473176154,-1.7782691433771007,-4.270951465137392,-3.7873196386971033,-3.2310510617087767,-2.1356578082258304,0.722634539168679,-0.6956956956956956,0.0201049641626049,-1.5165165165165164,0.3571428571428571
0.7942183641179126,0.7909437841370289,0.0421464774323006,0.0604285452618469,1.4337745155312795,0.9312040423213036,0.8503176965130171,1.9563474465912785,0.9953768710506652,-1.2523544112770004,0.5762681649917099,2,0.0208333333333333,0.0166666666666666,1.25,0.0166666666666666,0.0208333333333333,0.8,0.0458333333333333,0.05,0.9166666666666664,1.0,1.0,0.6666666666666666,0.6666666666666666,0.5099638138644421,0.5064649478718729,0.5084630825559228,0.6268862755613431,0.0708436575243114,0.7151748585435018,0.0791144334125471,0.0536948403328782,-0.989612205100012,-0.934482329857216,1.9629180136699649,2.6552962498630897,1.3910284239995363,1.4484626036362065,0.0450028326431454,0.493037877308692,0.3526412003987938,0.7655673371025629,0.3429793760055681,0.2927183041849857,-0.1374716737074875,0.1923909413367683,0.2696086909897185,0.361618597206614,0.5600234739453561,0.1625647447021537,0.2552026215048402,0.3391856650235085,0.5260273477500413,-4.273042060783287,-3.8644846175913594,-3.377662193974307,-2.327906282652003,-4.371973495332115,-3.888341668891826,-3.449893874870602,-2.474455022092517,0.6619195648205789,-0.6956956956956956,0.0220466873523941,-1.4564564564564564,0.3445378151260504
0.7796677356079461,0.7755406895099091,0.0456308166468431,0.0624519306884141,1.3686349550076424,0.9211565933738688,0.8463679245554112,2.102432619320389,0.9948523788862548,-1.2511432315670363,0.6191346825175121,2,0.0374999999999999,0.0208333333333333,1.7999999999999996,0.0041666666666666,0.0166666666666666,0.25,0.0541666666666666,0.0583333333333333,0.9285714285714288,1.0,1.0,0.6666666666666666,0.6666666666666666,0.5058212449746593,0.5048174817788692,0.5046221565330565,0.6251408854841596,0.0748614128582173,0.6665590414060508,0.0848622276029862,0.0567928367519232,-0.9890778465856772,-0.980503236671463,1.4098720608673765,0.1545397416582919,1.4079746950525085,1.2755621483383046,0.0486445349002118,0.5307143886790932,0.3682961856642784,0.7506006495537919,0.3463843702586617,0.3132362228661606,-0.140729363129853,0.1883947415547482,0.2916102076544696,0.415170180209403,0.6122734153605637,0.1791346637962278,0.272778205344779,0.3674457701580526,0.572483454846164,-4.197149869641723,-3.663379572348018,-3.024399332501708,-2.005096156342629,-4.159487548604479,-3.684977141233917,-3.2052778047768964,-2.1663111693978894,0.6919237671877428,-0.6756756756756754,0.0187667307407778,-1.3763763763763763,0.3907563025210084
0.787883972742768,0.785780119613844,0.0416166060654969,0.059146634050705,1.4212267563966905,0.9304209264324452,0.8535415489230435,1.882136417127138,0.994931360169027,-1.2471332619022433,0.5334309307478406,1,0.0374999999999999,0.0166666666666666,2.25,0.0083333333333333,0.0166666666666666,0.5,0.0541666666666666,0.05,1.0833333333333333,1.0,1.0,0.6666666666666666,0.6666666666666666,0.5178814131124143,0.5151200137909261,0.5187855000610586,0.6385222102278335,0.0699569088793918,0.720598459649354,0.0788285529708765,0.0525187043562394,-0.9937597734037216,-0.9826881265172068,1.4401167917256972,0.2249123379489879,1.423348120869132,1.3817526741129909,0.0446878516754413,0.4909624167607693,0.3591437983097124,0.77282676515634,0.3567856398758757,0.2857108431689857,-0.1387851730594826,0.1331333361182159,0.27233049088838,0.370512338114572,0.5693403413507439,0.1533293249949268,0.2372732953922537,0.3499102987287933,0.5232180359931751,-4.572395745669659,-3.83818308667737,-3.320310754906345,-2.271567789008832,-4.400786127651588,-3.9644659959518114,-3.379006529388004,-2.478195495672673,0.6444943620761847,-0.7157157157157155,0.0290712337727257,-1.4364364364364364,0.3277310924369748
0.7695021597704365,0.7887278038471464,0.0417199524455103,0.0572309690625185,1.3717889332991662,0.9253601239598956,0.8480423954475249,2.5407778041496307,0.9950685637344286,-1.2582100482016936,0.5923629733692057,1,0.0458333333333333,0.0208333333333333,2.2,0.0166666666666666,0.0125,1.3333333333333333,0.05,0.0541666666666666,0.9230769230769232,1.0,1.0,0.6666666666666666,0.6666666666666666,0.518784237571606,0.5163297251311791,0.5192589797973098,0.6359569841399801,0.0691753243525203,0.6662253024712813,0.0783207438508037,0.0537815005627072,-0.9832464895196668,-0.9558355609900104,1.450800222467138,0.3570428712831957,1.446514427586866,1.357077777198411,0.0455078865698231,0.5287722432958435,0.3772682766591239,0.7601310689730812,0.3727447719826087,0.305894194662158,-0.1481842537505671,0.2423525069522747,0.3217051022893939,0.421388069809498,0.5445758028260527,0.2654471525837883,0.3130539578869947,0.38807139299491,0.5190585255777526,-3.9401329434782224,-3.527461116662602,-3.0090615339626154,-2.3684258167658947,-3.757013420966314,-3.513519154920495,-3.12982789091099,-2.4598687221205267,0.6715023347563897,-0.6956956956956956,0.021053452427667,-1.4964964964964964,0.3571428571428571
0.7775179089619889,0.7908474333568675,0.0422094419110695,0.0580545602918687,1.375392747769161,0.9256409045778708,0.8499375160841296,2.349885578265172,0.9953351509919408,-1.263214710264495,0.6262657048601601,1,0.0333333333333333,0.0291666666666666,1.1428571428571428,0.025,0.0125,2.0,0.0625,0.0708333333333333,0.8823529411764706,1.0,1.0,0.6666666666666666,0.6666666666666666,0.5050762332500148,0.5030052138414285,0.505797315147055,0.6294005972620698,0.0687458095991538,0.7154417118346139,0.0775700026485153,0.0524233559718124,-0.9870588414506742,-0.938553301197918,2.3588563727335528,5.420416361584501,1.4141094582919158,1.4222436385238546,0.0444955173390422,0.4936005183937197,0.391315206451978,0.7478977537800044,0.3699221025782628,0.3208873187549768,-0.1423060316074378,0.1954841981905146,0.2779625161636048,0.3918467624745125,0.5657014065072382,0.1657725080454802,0.2599008134087172,0.3688920032015415,0.5308445413069375,-4.189319922331976,-3.759834187100984,-3.166809735826095,-2.261504057307296,-4.270951465137392,-3.7890476348522895,-3.2310510617087767,-2.4019110050997696,0.6827318117649871,-0.7157157157157155,0.0220466873523941,-1.5165165165165164,0.3109243697478991
